"NombreCat","CodTip","Cantidad","Total"
"ARTICULOS DE LIMPIEZA DE BAÑOS                    ",201605,3,292.369999
"DETERGENTES                                       ",201605,148,6428.249998
"LEJIAS                                            ",201605,10,364.45
"WHISKY                                            ",201605,60,1794
"INSECTICIDAS                                      ",201605,102,3204.980001
"REHIDRATANTES                                     ",201605,16,15.0096
"TALCOS                                            ",201605,1,141.24
"YOGURT                                            ",201605,111,2188.236796
"BEBIDAS GASEOSAS                                  ",201605,82,2094.308599
"GOLOSINAS - CHOCOLATES                            ",201605,91,917.606148
"COMIDAS INSTANTANEAS                              ",201605,21,397.83
"PANES Y KEKES                                     ",201605,121,237.865401
"ARTICULOS DE LIMPIEZA                             ",201605,10,1235.18
"REFRESCOS                                         ",201605,12,730.739999
"GOLOSINAS - GALLETAS                              ",201605,71,498.592801
"AVENAS                                            ",201605,28,548.0794
"TOALLAS HIGIENICAS                                ",201605,6,183.11
"GOLOSINAS - CARAMELOS                             ",201605,22,441.5096
"CEPILLOS                                          ",201605,6,870.0258
"DESODORANTES                                      ",201605,17,2095.314801
"EMBUTIDOS                                         ",201605,73,386.573001
"MANTEQUILLAS Y MARGARINAS                         ",201605,12,193.1424
"POSTRES VARIOS                                    ",201605,4,223.233
"JUGOS                                             ",201605,188,2279.230802
"CAFE                                              ",201605,75,1749.922399
"OTROS",201605,12,2337.78
"PAPEL HIGIENICO                                   ",201605,150,3985.3792
"CONDIMENTOS Y VINAGRES                            ",201605,3,131.66
"RON                                               ",201605,20,3721.57
"HARINAS INDUSTRIALES                              ",201605,590,42778.75
"HUEVOS                                            ",201605,60,358.2
"JABON DE LAVAR                                    ",201605,50,3533.82
"ARTICULOS DE BELLEZA                              ",201605,15,2344.4
"GUANTES                                           ",201605,72,494.3492
"SHAMPOO Y CUIDADO PARA EL CABELLO                 ",201605,12,2921.3378
"JABON DE TOCADOR                                  ",201605,100,119.380001
"AGUA MINERAL                                      ",201605,6,95.94
"LECHE Y DERIVADOS                                 ",201605,66,1400.1404
"CEREALES Y DERIVADOS DE LA SOYA                   ",201605,8,40.000002
"HELADOS                                           ",201605,4,138.14
"BOCADITOS                                         ",201605,19,172.9952
"HARINAS - MAIZENAS - SEMOLAS                      ",201605,268,25432.609988
"INFUSIONES                                        ",201605,1,60.81
"GOLOSINAS                                         ",201605,13,45.9
"COCINA                                            ",201606,12,165.4596
"MIEL DE ABEJA                                     ",201606,4,45.9964
"TOALLAS HIGIENICAS                                ",201606,15,777.21
"GOLOSINAS - GALLETAS                              ",201606,112,295.674
"CERVEZAS                                          ",201606,4,233.320001
"HARINAS INDUSTRIALES                              ",201606,620,130
"EMBUTIDOS                                         ",201606,240,355.028202
"PANES Y KEKES                                     ",201606,173,641.5928
"GOLOSINAS - CARAMELOS                             ",201606,9,268.4206
"REHIDRATANTES                                     ",201606,25,48.0024
"YOGURT                                            ",201606,4,120.5952
"PAPEL HIGIENICO                                   ",201606,380,12909.43999
"AMBIENTADORES                                     ",201606,4,163.59
"DETERGENTES                                       ",201606,73,3648.340004
"BEBIDAS GASEOSAS                                  ",201606,102,3063.959
"GOLOSINAS - CHOCOLATES                            ",201606,3,227.600001
"ARTICULOS PARA BEBE                               ",201606,5,756.793
"ARTICULOS DE LIMPIEZA                             ",201606,18,170.982
"COMIDAS INSTANTANEAS                              ",201606,15,138.830001
"FIDEOS Y PASTAS                                   ",201606,330,20.90967
"ENSERES DE LIMPIEZA                               ",201606,12,590.810001
"CEREALES Y DERIVADOS DE LA SOYA                   ",201606,21,255.629999
"ARTICULOS DE REPOSTERIA                           ",201606,1,12.6496
"SHAMPOO Y CUIDADO PARA EL CABELLO                 ",201606,21,2165.66
"JABON DE TOCADOR                                  ",201606,1,0
"ARROZ A GRANEL                                    ",201606,246,36331.74
"WHISKY                                            ",201606,10,1764.57
"HELADOS                                           ",201606,5,189.05
"CONDIMENTOS Y VINAGRES                            ",201606,24,79.2
"GOLOSINAS - MARSHMALLOWS                          ",201606,2,56.64
"CONSERVAS DE FRUTAS Y VERDURAS                    ",201606,64,488.5672
"ARROZ EMBOLSADO                                   ",201606,154,91.3053
"GELATINAS                                         ",201606,50,1345.54
"JUGOS                                             ",201606,16,392.1564
"LECHE Y DERIVADOS                                 ",201606,11,65.49
"AZUCAR                                            ",201606,630,69300
"AGUA MINERAL                                      ",201606,4,41.38
"CERAS                                             ",201606,15,294.8
"JABON DE LAVAR                                    ",201606,50,1625.08
"OTROS",201606,7,1428.1016
"POSTRES VARIOS                                    ",201606,9,51.06
"CAFE                                              ",201606,16,319.839999
"LAVAVAJILLAS Y SIMILARES                          ",201606,92,1728.72
"BOCADITOS                                         ",201606,104,1863.6094
"CEREALES Y DERIVADOS DE LA SOYA                   ",201607,52,867.336
"PANES Y KEKES                                     ",201607,130,312.347599
"DESODORANTES                                      ",201607,12,114.17
"EMBUTIDOS                                         ",201607,136,385.4542
"CERVEZAS                                          ",201607,4,252
"COCINA                                            ",201607,24,291.495401
"ARTICULOS DE LIMPIEZA                             ",201607,3,66.22
"GOLOSINAS - GALLETAS                              ",201607,16,248.17
"GOLOSINAS - CHOCOLATES                            ",201607,52,921.4
"BEBIDAS GASEOSAS                                  ",201607,114,2734.0452
"GOLOSINAS - CARAMELOS                             ",201607,14,831.1192
"AMBIENTADORES                                     ",201607,1,40.9
"INSECTICIDAS                                      ",201607,12,125.280001
"ACEITES                                           ",201607,1,157.1406
"REHIDRATANTES                                     ",201607,18,129.489601
"HUEVOS                                            ",201607,60,358.2
"YOGURT                                            ",201607,146,3242.954
"BOCADITOS                                         ",201607,118,589.031801
"PAÑALES                                           ",201607,80,5099.42
"AVENAS                                            ",201607,6,175
"CAFE                                              ",201607,63,1429.291
"OTROS",201607,12,3735.080001
"AGUA MINERAL                                      ",201607,56,596.665
"CONSERVAS DE FRUTAS Y VERDURAS                    ",201607,24,82.647199
"LECHE Y DERIVADOS                                 ",201607,78,2757.920003
"GOLOSINAS                                         ",201607,7,52.4
"GELATINAS                                         ",201607,19,511.309998
"GOLOSINAS - MARSHMALLOWS                          ",201607,7,198.24
"CONDIMENTOS Y VINAGRES                            ",201607,12,4658.63
"POSTRES VARIOS                                    ",201607,1,81.2312
"HELADOS                                           ",201607,3,117.799999
"ARROZ A GRANEL                                    ",201607,150,27.9999
"JUGOS                                             ",201607,35,706.456001
"DETERGENTES                                       ",201607,1,102.789999
"SHAMPOO Y CUIDADO PARA EL CABELLO                 ",201607,5,1293.58
"FIDEOS Y PASTAS                                   ",201607,530,6990.49
"COCOAS Y CHOCOLATES                               ",201607,13,1649.33
"GOLOSINAS - CARAMELOS                             ",201608,25,76.8
"AGUA MINERAL                                      ",201608,15,173.8488
"OTROS",201608,22,4124.139999
"GOLOSINAS                                         ",201608,1,13.86
"CERAS                                             ",201608,15,0
"JABON DE LAVAR                                    ",201608,7,0
"GOLOSINAS - GALLETAS                              ",201608,85,286.726998
"ARTICULOS DE LIMPIEZA DE COCINA                   ",201608,5,309.4
"ACEITES                                           ",201608,362,23037.74969
"YOGURT                                            ",201608,438,4365.2808
"BOCADITOS                                         ",201608,14,1061.13
"COMIDAS INSTANTANEAS                              ",201608,2,45.6
"DENTRIFICOS Y ENJUAGUES BUCALES                   ",201608,10,4639.24
"LAVAVAJILLAS Y SIMILARES                          ",201608,8,301.28
"SALSAS - CREMAS                                   ",201608,5,324
"HELADOS                                           ",201608,8,226.75
"LECHE Y DERIVADOS                                 ",201608,30,248.2522
"EMBUTIDOS                                         ",201608,191,355.326541
"CEREALES Y DERIVADOS DE LA SOYA                   ",201608,5,595.51
"HARINAS - MAIZENAS - SEMOLAS                      ",201608,10,324.87
"BEBIDAS GASEOSAS                                  ",201608,51,370.7772
"JUGOS                                             ",201608,51,493.161599
"ARTICULOS DE LIMPIEZA                             ",201608,38,652.4636
"GOLOSINAS - CHOCOLATES                            ",201608,14,406.04
"MANTEQUILLAS Y MARGARINAS                         ",201608,12,38.232
"AVENAS                                            ",201608,20,259.35
"PANES Y KEKES                                     ",201608,217,426.539998
"FIDEOS Y PASTAS                                   ",201608,431,9162.54
"LEJIAS                                            ",201608,125,1921.919999
"REHIDRATANTES                                     ",201608,20,151.8252
"REFRESCOS                                         ",201608,24,1446.72
"ENERGIZANTE                                       ",201608,12,36.285
"SHAMPOO Y CUIDADO PARA EL CABELLO                 ",201608,3,619.008733
"JABON DE TOCADOR                                  ",201608,9,931.41
"DETERGENTES                                       ",201608,62,4402.6715
"ARROZ A GRANEL                                    ",201608,350,75.3844
"VELAS                                             ",201608,500,20000
"PAÑALES                                           ",201608,8,567.91
"POSTRES VARIOS                                    ",201608,12,77.300001
"OTROS",201609,10,550.660001
"CONDIMENTOS Y VINAGRES                            ",201609,80,389.12
"CEREALES Y DERIVADOS DE LA SOYA                   ",201609,37,168.340001
"LECHE Y DERIVADOS                                 ",201609,12,1470.3824
"ENSERES DE LIMPIEZA                               ",201609,28,295.14
"MANTEQUILLAS Y MARGARINAS                         ",201609,4,428.12
"CONSERVAS DE FRUTAS Y VERDURAS                    ",201609,18,68.0978
"SHAMPOO Y CUIDADO PARA EL CABELLO                 ",201609,17,987.63
"COCINA                                            ",201609,12,22.1958
"FRUTOS Y ESPECIAS                                 ",201609,84,2011.34529
"AGUA MINERAL                                      ",201609,8,93.22
"AZUCAR                                            ",201609,630,70559.999999
"JUGOS                                             ",201609,8,160.113601
"HELADOS                                           ",201609,2,63.969999
"ACEITES                                           ",201609,124,8049.973368
"BOCADITOS                                         ",201609,44,267.6548
"GOLOSINAS - MARSHMALLOWS                          ",201609,3,84.96
"GOLOSINAS                                         ",201609,98,1073.56
"INFUSIONES                                        ",201609,17,168.187984
"GOLOSINAS - CARAMELOS                             ",201609,17,221.809999
"ENERGIZANTE                                       ",201609,2,76.46459
"JABON DE TOCADOR                                  ",201609,7,353.92
"FIDEOS Y PASTAS                                   ",201609,300,7403.6682
"ARTICULOS DE LIMPIEZA                             ",201609,4,200.23
"TOALLAS HIGIENICAS                                ",201609,50,3550
"GOLOSINAS - GALLETAS                              ",201609,137,1540.017603
"CERVEZAS                                          ",201609,3,194.990001
"ARTICULOS PARA EL HOGAR                           ",201609,100,370.94
"LEJIAS                                            ",201609,7,183.859999
"PANES Y KEKES                                     ",201609,90,396.590001
"DETERGENTES                                       ",201609,1,125.139999
"REHIDRATANTES                                     ",201609,6,45.81
"EMBUTIDOS                                         ",201609,296,555.784801
"BEBIDAS GASEOSAS                                  ",201609,29,117.056
"YOGURT                                            ",201609,100,1160.059998
"GOLOSINAS - CHOCOLATES                            ",201609,3,167.66
"INFUSIONES                                        ",201610,5,201.78
"POSTRES VARIOS                                    ",201610,12,32.4264
"CIGARROS                                          ",201610,2,245.18
"GUANTES                                           ",201610,408,1892.0592
"JUGOS                                             ",201610,12,286.0716
"GOLOSINAS                                         ",201610,5,277.21
"WHISKY                                            ",201610,1,397.17
"OTROS",201610,14,4723.320001
"JABON DE TOCADOR                                  ",201610,2,293.549999
"SHAMPOO Y CUIDADO PARA EL CABELLO                 ",201610,11,1681.42
"GOLOSINAS - MARSHMALLOWS                          ",201610,2,56.64
"HELADOS                                           ",201610,1,23.919999
"AGUA MINERAL                                      ",201610,4,0
"JABON DE LAVAR                                    ",201610,30,1921.29
"LECHE Y DERIVADOS                                 ",201610,1,28.73
"COCOAS Y CHOCOLATES                               ",201610,128,5604.070003
"LAVAVAJILLAS Y SIMILARES                          ",201610,4,192.940001
"CONDIMENTOS Y VINAGRES                            ",201610,42,4317.230001
"MANTEQUILLAS Y MARGARINAS                         ",201610,54,531.396
"COMIDAS INSTANTANEAS                              ",201610,35,617.119999
"GOLOSINAS - CARAMELOS                             ",201610,10,246.8306
"AMBIENTADORES                                     ",201610,1,40.9
"GOLOSINAS - GALLETAS                              ",201610,6,261.7252
"DESINFECTANTES                                    ",201610,1,28.5
"GOLOSINAS - CHOCOLATES                            ",201610,1,42.36
"ENSERES DE LIMPIEZA                               ",201610,3,155.59
"SUAVIZANTES                                       ",201610,12,0
"SERVILLETAS Y PAPEL TOALLA                        ",201610,30,931.1616
"MAQUINAS Y ESPUMAS DE AFEITAR                     ",201610,162,1786.010002
"CEREALES Y DERIVADOS DE LA SOYA                   ",201610,44,1309.29
"ARTICULOS PARA BEBE                               ",201610,15,913.674
"MERMELADAS                                        ",201610,10,359.13
"CONSERVAS DE PESCADOS                             ",201610,2,229.829999
"DESODORANTES                                      ",201610,1,0
"FIDEOS Y PASTAS                                   ",201610,150,2127.440001
"DETERGENTES                                       ",201610,20,2406.87
"YOGURT                                            ",201610,218,2200.5736
"PANES Y KEKES                                     ",201610,149,423.809999
"BEBIDAS GASEOSAS                                  ",201610,28,107.7856
"REHIDRATANTES                                     ",201610,11,92.277799
"EMBUTIDOS                                         ",201610,376,559.655605
"AVENAS                                            ",201610,4,324.57
"CERVEZAS                                          ",201610,12,172.810001
"MIEL DE ABEJA                                     ",201610,12,45.4816
"REFRESCOS                                         ",201610,3,161.600001
"PAPEL HIGIENICO                                   ",201610,3800,26979.78
"ENJUAGUES DE ROPA                                 ",201610,7,624.43
"SERVILLETAS Y PAPEL TOALLA                        ",201611,5,247.0684
"REHIDRATANTES                                     ",201611,3,29.9956
"ACEITES                                           ",201611,300,15619.43
"YOGURT                                            ",201611,205,3714.315201
"PANES Y KEKES                                     ",201611,75,339.756999
"GOLOSINAS - CARAMELOS                             ",201611,37,590.960001
"COMIDAS INSTANTANEAS                              ",201611,18,102.3
"GOLOSINAS - GALLETAS                              ",201611,185,1715.679401
"ENJUAGUES DE ROPA                                 ",201611,8,280.01
"PAPEL HIGIENICO                                   ",201611,100,3685.14
"ARTICULOS DE LIMPIEZA                             ",201611,1,64.06
"HELADOS                                           ",201611,4,127.829999
"DESODORANTES                                      ",201611,2,248.2838
"OTROS",201611,15,11904.830002
"HUEVOS                                            ",201611,20,125.399999
"CEREALES Y DERIVADOS DE LA SOYA                   ",201611,3,38.66
"POSTRES VARIOS                                    ",201611,4,103.7068
"ENSERES DE LIMPIEZA                               ",201611,50,87.32
"JABON DE TOCADOR                                  ",201611,82,301.139999
"MANTEQUILLAS Y MARGARINAS                         ",201611,50,1711.08
"PAÑALES                                           ",201611,80,4895.51
"FIDEOS Y PASTAS                                   ",201611,200,292.84445
"CONSERVAS DE PESCADOS                             ",201611,50,8499.58
"GELATINAS                                         ",201611,1,141.4702
"SHAMPOO Y CUIDADO PARA EL CABELLO                 ",201611,21,172.221
"GOLOSINAS - CHOCOLATES                            ",201611,1,58.5
"JUGOS                                             ",201611,11,128.9618
"AGUA MINERAL                                      ",201611,43,380.970201
"BEBIDAS GASEOSAS                                  ",201611,83,1294.703599
"CONSERVAS DE FRUTAS Y VERDURAS                    ",201611,60,177.507402
"CERVEZAS                                          ",201611,17,336.09
"VINOS                                             ",201611,28,8.653512
"DETERGENTES                                       ",201611,22,1984.0254
"BOCADITOS                                         ",201611,60,313.915402
"COCOAS Y CHOCOLATES                               ",201611,14,3138.83
"WHISKY                                            ",201611,48,3432
"JUGOS                                             ",201612,31,617.035199
"CONDIMENTOS Y VINAGRES                            ",201612,28,1136.35
"GOLOSINAS - MARSHMALLOWS                          ",201612,75,139.68
"GOLOSINAS                                         ",201612,120,412.750005
"OTROS",201612,14,1132.850001
"CAFE                                              ",201612,2,804.288
"LECHE Y DERIVADOS                                 ",201612,6,25.900001
"DENTRIFICOS Y ENJUAGUES BUCALES                   ",201612,2,0
"BOCADITOS                                         ",201612,133,878.048399
"HELADOS                                           ",201612,2,75.69
"PANETONES                                         ",201612,360,19784.61
"SALSAS - CREMAS                                   ",201612,15,780.31
"ARROZ EMBOLSADO                                   ",201612,2,138
"AZUCAR                                            ",201612,630,71190.000001
"AGUA MINERAL                                      ",201612,19,229.4014
"GOLOSINAS - CARAMELOS                             ",201612,25,295.5018
"SHAMPOO Y CUIDADO PARA EL CABELLO                 ",201612,5,1261.72
"COMIDAS INSTANTANEAS                              ",201612,24,151.6536
"GOLOSINAS - CHOCOLATES                            ",201612,1,62
"EMBUTIDOS                                         ",201612,34,223.055599
"ACEITES                                           ",201612,482,22256.095441
"CERVEZAS                                          ",201612,1,76.65
"PANES Y KEKES                                     ",201612,142,227.044998
"GOLOSINAS - GALLETAS                              ",201612,186,7523.539999
"ARTICULOS DE LIMPIEZA                             ",201612,120,1570.344
"BEBIDAS GASEOSAS                                  ",201612,14,106.52896
"AVENAS                                            ",201612,50,725.050001
"REHIDRATANTES                                     ",201612,1,15.3
"YOGURT                                            ",201612,46,237.2972
"SUAVIZANTES                                       ",201612,5,247.62
"AMBIENTADORES                                     ",201612,5,226.79
"DETERGENTES                                       ",201612,60,3654.23
"PAÑALES                                           ",201612,98,8455.03
"CONSERVAS DE PESCADOS                             ",201612,24,111.0144
"COCOAS Y CHOCOLATES                               ",201612,11,1296.48
"ENERGIZANTE                                       ",201612,1,9.829999
"LEJIAS                                            ",201612,40,550.81
"ARROZ EMBOLSADO                                   ",201701,2,87.36
"JUGOS                                             ",201701,114,1483.564601
"CONDIMENTOS Y VINAGRES                            ",201701,4,443.84
"MANTEQUILLAS Y MARGARINAS                         ",201701,2,468.21
"COMIDAS INSTANTANEAS                              ",201701,6,34.8
"PAPEL HIGIENICO                                   ",201701,20,307.51
"CHAMPAGNE                                         ",201701,20,85.37612
"GOLOSINAS - MARSHMALLOWS                          ",201701,8,40.8
"POSTRES VARIOS                                    ",201701,1,24.0956
"HELADOS                                           ",201701,7,148.9
"AGUA MINERAL                                      ",201701,12,57.15
"SHAMPOO Y CUIDADO PARA EL CABELLO                 ",201701,7,1415.080001
"GOLOSINAS - CARAMELOS                             ",201701,8,299.116202
"CEREALES Y DERIVADOS DE LA SOYA                   ",201701,3,72.16
"ENSERES DE LIMPIEZA                               ",201701,3,127.33
"BOCADITOS                                         ",201701,54,236.0236
"OTROS",201701,11,7144.03
"JABON DE TOCADOR                                  ",201701,24,121.69
"DETERGENTES                                       ",201701,2,141.2
"FIDEOS Y PASTAS                                   ",201701,550,2272.755399
"COCOAS Y CHOCOLATES                               ",201701,1,194.63
"YOGURT                                            ",201701,41,1046.1892
"REHIDRATANTES                                     ",201701,1,36.4974
"ARTICULOS PARA BEBE                               ",201701,3,219.04
"GOLOSINAS - CHOCOLATES                            ",201701,7,1239.11
"BEBIDAS GASEOSAS                                  ",201701,10,164.4746
"GOLOSINAS - GALLETAS                              ",201701,73,1259.2448
"AMBIENTADORES                                     ",201701,1,41.84
"DESODORANTES                                      ",201701,24,240.35
"ENJUAGUES DE ROPA                                 ",201701,10,1113.38
"EMBUTIDOS                                         ",201701,155,296.174
"CEPILLOS                                          ",201701,3,1046.3
"PANES Y KEKES                                     ",201701,147,452.9046
"LEJIAS                                            ",201701,28,295.99
"PAÑALES                                           ",201701,150,9179.04
"GOLOSINAS - MARSHMALLOWS                          ",201702,1,40
"POSTRES VARIOS                                    ",201702,6,16.2132
"FIDEOS Y PASTAS                                   ",201702,480,17656.15001
"JUGOS                                             ",201702,8,110.2916
"DETERGENTES                                       ",201702,18,2146.160001
"INFUSIONES                                        ",201702,10,683.91
"BEBIDAS GASEOSAS                                  ",201702,3,36.520001
"CERVEZAS                                          ",201702,20,486.380002
"BOCADITOS                                         ",201702,126,107.4154
"CONSERVAS DE FRUTAS Y VERDURAS                    ",201702,36,260.1546
"COCOAS Y CHOCOLATES                               ",201702,12,2457.05
"AGUA MINERAL                                      ",201702,15,43.83
"LECHE Y DERIVADOS                                 ",201702,210,8593.27
"JABON DE TOCADOR                                  ",201702,103,384.810803
"SHAMPOO Y CUIDADO PARA EL CABELLO                 ",201702,10,1493.17
"OTROS",201702,20,3149.83
"RON                                               ",201702,10,1488.99
"PANES Y KEKES                                     ",201702,137,275.155001
"CAFE                                              ",201702,1,97
"LAVAVAJILLAS Y SIMILARES                          ",201702,50,1191.79
"YOGURT                                            ",201702,16,389.1972
"REHIDRATANTES                                     ",201702,5,49.538
"SERVILLETAS Y PAPEL TOALLA                        ",201702,5,114.97
"OTROS ACCESORIOS                                  ",201702,96,307.53
"ARTICULOS DE LIMPIEZA                             ",201702,11,192.11
"COCINA                                            ",201702,100,326.611936
"MENESTRAS Y GRANOS                                ",201702,4,1800
"GOLOSINAS - CARAMELOS                             ",201702,13,158.820001
"GOLOSINAS - GALLETAS                              ",201702,71,563.5972
"CEREALES Y DERIVADOS DE LA SOYA                   ",201702,67,205.534
"EMBUTIDOS                                         ",201702,164,381.1964
"HELADOS                                           ",201702,10,270.340001
"ARTICULOS PARA EL HOGAR                           ",201702,50,57.6
"CONDIMENTOS Y VINAGRES                            ",201702,1,28.32
"TOALLAS HIGIENICAS                                ",201702,80,0.08
"MAQUINAS Y ESPUMAS DE AFEITAR                     ",201702,4,270.48
"AVENAS                                            ",201703,250,7125
"GOLOSINAS - GALLETAS                              ",201703,156,2866.565203
"FIDEOS Y PASTAS                                   ",201703,240,234.97563
"LICOR                                             ",201703,10,1742.62
"ARTICULOS DE REPOSTERIA                           ",201703,5,506.46
"JABON DE TOCADOR                                  ",201703,24,186.969999
"VINOS                                             ",201703,10,1200.06
"DESINFECTANTES                                    ",201703,3,70.05
"SUAVIZANTES                                       ",201703,2,160.04
"TOALLAS HIGIENICAS                                ",201703,1,155.87
"ARTICULOS DE LIMPIEZA                             ",201703,2,61.2
"DETERGENTES                                       ",201703,4,354.16
"REHIDRATANTES                                     ",201703,9,120.6992
"LEJIAS                                            ",201703,37,757.649999
"EMBUTIDOS                                         ",201703,192,599.629399
"CONSERVAS DE PESCADOS                             ",201703,4,475.150001
"BEBIDAS GASEOSAS                                  ",201703,47,710.912799
"YOGURT                                            ",201703,34,565.5188
"DESODORANTES                                      ",201703,1,0
"PANES Y KEKES                                     ",201703,92,346.5462
"ACEITES                                           ",201703,300,26834.69
"CONDIMENTOS Y VINAGRES                            ",201703,26,1068.95
"JUGOS                                             ",201703,18,539.568199
"GOLOSINAS - MARSHMALLOWS                          ",201703,2,111.74
"OTROS ACCESORIOS                                  ",201703,24,134.99
"ENSERES DE LIMPIEZA                               ",201703,82,397.6128
"PAPEL HIGIENICO                                   ",201703,20,366.34
"HELADOS                                           ",201703,5,189.000001
"DENTRIFICOS Y ENJUAGUES BUCALES                   ",201703,1,310.15
"CAFE                                              ",201703,14,401.42
"LECHE Y DERIVADOS                                 ",201703,2,200.870001
"SHAMPOO Y CUIDADO PARA EL CABELLO                 ",201703,14,114.814
"COCINA                                            ",201703,30,11.07
"FRUTOS Y ESPECIAS                                 ",201703,30,876
"SALSAS - CREMAS                                   ",201703,2,22.13
"JABON DE LAVAR                                    ",201703,1,0
"POSTRES VARIOS                                    ",201703,13,144.3966
"AGUA MINERAL                                      ",201703,4,0
"OTROS",201703,13,11535.4424
"CIGARROS                                          ",201703,1,4799.65
"CEREALES Y DERIVADOS DE LA SOYA                   ",201703,1,68.46
"GOLOSINAS - CARAMELOS                             ",201703,16,468.216598
"TOALLAS HIGIENICAS                                ",201704,10,327.95
"HARINAS INDUSTRIALES                              ",201704,320,24904.78
"ENSERES DE LIMPIEZA                               ",201704,35,87.5
"YOGURT                                            ",201704,69,629.8214
"BOCADITOS                                         ",201704,65,298.1506
"FRUTOS Y ESPECIAS                                 ",201704,100,840
"REHIDRATANTES                                     ",201704,1,15.0096
"GOLOSINAS - CARAMELOS                             ",201704,5,249.14
"OTROS",201704,12,2783.643201
"PAPEL HIGIENICO                                   ",201704,50,1540.49
"GOLOSINAS - GALLETAS                              ",201704,51,485.1808
"SALSAS - CREMAS                                   ",201704,12,237.530001
"CAFE                                              ",201704,6,1555
"PASTAS DE TOMATE                                  ",201704,2,122.6
"EMBUTIDOS                                         ",201704,135,288.354801
"COMIDAS INSTANTANEAS                              ",201704,7,161.89
"HELADOS                                           ",201704,6,163.67
"CEREALES Y DERIVADOS DE LA SOYA                   ",201704,142,667.182
"ARTICULOS DE LIMPIEZA                             ",201704,3,91.81
"CONDIMENTOS Y VINAGRES                            ",201704,82,1906.98492
"LECHE Y DERIVADOS                                 ",201704,23,400.4412
"GOLOSINAS - CHOCOLATES                            ",201704,4,1084.97
"PANES Y KEKES                                     ",201704,209,495.4804
"ACEITES                                           ",201704,351,21435.8566
"BEBIDAS GASEOSAS                                  ",201704,31,894.04
"LAVAVAJILLAS Y SIMILARES                          ",201704,70,2583.0736
"TALCOS                                            ",201704,1,0
"INSECTICIDAS                                      ",201704,18,125.64
"CONSERVAS DE PESCADOS                             ",201704,2,383.039999
"LEJIAS                                            ",201704,1,45.59
"JUGOS                                             ",201704,4,68.4684
"MANTEQUILLAS Y MARGARINAS                         ",201704,15,398.68
"CERVEZAS                                          ",201704,12,286.19
"SAL                                               ",201704,12,56.3686
"ARROZ A GRANEL                                    ",201704,40,7.89472
"COCOAS Y CHOCOLATES                               ",201704,10,1785.34
"JABON DE TOCADOR                                  ",201704,2,32.05
"POSTRES VARIOS                                    ",201704,10,184.1176
"SHAMPOO Y CUIDADO PARA EL CABELLO                 ",201704,204,3175.770001
"AGUA MINERAL                                      ",201704,10,61.52
"DETERGENTES                                       ",201704,27,2179.384734
"FRUTOS Y ESPECIAS                                 ",201705,86,5336.000002
"LAVAVAJILLAS Y SIMILARES                          ",201705,52,3139.1658
"SUAVIZANTES                                       ",201705,1,90.32
"OTROS",201705,108,4210.446
"PIZZAS                                            ",201705,7,16.66
"CEREALES Y DERIVADOS DE LA SOYA                   ",201705,52,707.848002
"EMBUTIDOS                                         ",201705,92,169.8138
"ENSERES DE LIMPIEZA                               ",201705,10,256.75
"PAPEL HIGIENICO                                   ",201705,120,3876.93
"SALSAS - CREMAS                                   ",201705,161,7633.56
"DENTRIFICOS Y ENJUAGUES BUCALES                   ",201705,21,1762.61
"YOGURT                                            ",201705,354,6168.9052
"MERMELADAS                                        ",201705,500,17983.2
"CONDIMENTOS Y VINAGRES                            ",201705,13,1665.21
"ARROZ EMBOLSADO                                   ",201705,1,43.32
"MANTEQUILLAS Y MARGARINAS                         ",201705,56,359.4752
"CAFE                                              ",201705,13,397.65
"COMIDAS INSTANTANEAS                              ",201705,1,20.21
"PAÑUELOS                                          ",201705,3,335.320001
"AGUA MINERAL                                      ",201705,30,268.879999
"HELADOS                                           ",201705,5,145.39
"COCINA                                            ",201705,6,18.3608
"GOLOSINAS - MARSHMALLOWS                          ",201705,1,39.990001
"ACEITES                                           ",201705,233,18387.192
"GOLOSINAS - CARAMELOS                             ",201705,9,303.340199
"GOLOSINAS - GALLETAS                              ",201705,24,655.203799
"ARTICULOS DE REPOSTERIA                           ",201705,1,155.24
"JUGOS                                             ",201705,3,38.6804
"CIGARROS                                          ",201705,3,334.96
"GELATINAS                                         ",201705,2,282.9286
"POSTRES VARIOS                                    ",201705,41,111.982
"INFUSIONES                                        ",201705,15,894.24
"DETERGENTES                                       ",201705,11,1085.2
"COCOAS Y CHOCOLATES                               ",201705,3,308.26
"ARROZ A GRANEL                                    ",201705,30,6
"GOLOSINAS - CHOCOLATES                            ",201705,12,198.4
"CERVEZAS                                          ",201705,1,76.65
"FIDEOS Y PASTAS                                   ",201705,800,8315.98
"REHIDRATANTES                                     ",201705,3,45.0052
"LEJIAS                                            ",201705,2,22.54
"PANES Y KEKES                                     ",201705,215,543.909602
"BEBIDAS GASEOSAS                                  ",201705,72,1319.194599
"JABON DE TOCADOR                                  ",201705,6,32.64
"DESODORANTES                                      ",201705,12,119.28
"GOLOSINAS - GALLETAS                              ",201706,9,285.42
"GOLOSINAS - CARAMELOS                             ",201706,2,17.641
"YOGURT                                            ",201706,24,219.5464
"GOLOSINAS - CHOCOLATES                            ",201706,57,2066.429998
"TOALLAS HIGIENICAS                                ",201706,5,363.31
"ENSERES DE LIMPIEZA                               ",201706,19,783.31
"REHIDRATANTES                                     ",201706,6,75.1012
"FIDEOS Y PASTAS                                   ",201706,4,102.24
"CONSERVAS DE PESCADOS                             ",201706,2,166.5216
"AMBIENTADORES                                     ",201706,1,0
"ARTICULOS DE LIMPIEZA                             ",201706,64,345.0508
"MIEL DE ABEJA                                     ",201706,6,68.9946
"BEBIDAS GASEOSAS                                  ",201706,23,209.949
"EMBUTIDOS                                         ",201706,281,693.270107
"LEJIAS                                            ",201706,4,45.59
"CERVEZAS                                          ",201706,1,91.83
"GRASAS INDUSTRIALES                               ",201706,100,4070.69
"ARTICULOS PARA BEBE                               ",201706,26,1600.302
"GELATINAS                                         ",201706,3,0
"PAPEL HIGIENICO                                   ",201706,180,5480.900003
"SUAVIZANTES                                       ",201706,5,255.16
"PANES Y KEKES                                     ",201706,172,548.1464
"AVENAS                                            ",201706,62,0
"HARINAS INDUSTRIALES                              ",201706,750,52686.119999
"SHAMPOO Y CUIDADO PARA EL CABELLO                 ",201706,2,0
"JUGOS                                             ",201706,5,115.1468
"INFUSIONES                                        ",201706,640,547.590016
"GOLOSINAS - MARSHMALLOWS                          ",201706,2,56.64
"CONSERVAS DE FRUTAS Y VERDURAS                    ",201706,30,6.31578
"PAÑALES                                           ",201706,2,155.88
"JABON DE TOCADOR                                  ",201706,16,319.1874
"GOLOSINAS                                         ",201706,145,513.54
"VINOS                                             ",201706,17,4811.2
"POSTRES VARIOS                                    ",201706,35,628.16
"BOCADITOS                                         ",201706,85,352.38
"OTROS",201706,11,1541.830001
"SAL                                               ",201706,12,46.728
"GUANTES                                           ",201706,24,102.919999
"COCOAS Y CHOCOLATES                               ",201706,9,1164.96
"AGUA MINERAL                                      ",201706,11,113.905
"PIZZAS                                            ",201706,4,9.52
"LECHE Y DERIVADOS                                 ",201706,2,103.8426
"LAVAVAJILLAS Y SIMILARES                          ",201706,1,91.130001
"DENTRIFICOS Y ENJUAGUES BUCALES                   ",201706,15,1073.01
"HELADOS                                           ",201706,3,73.27
"CONDIMENTOS Y VINAGRES                            ",201706,14,1731.489358
"CEREALES Y DERIVADOS DE LA SOYA                   ",201706,48,308.960002
"AZUCAR                                            ",201706,630,77490
"COCINA                                            ",201706,20,240.5548
"ALCOHOL                                           ",201706,100,156
"JABON DE LAVAR                                    ",201706,50,3780.84
"ENSERES DE LIMPIEZA                               ",201707,635,7025.104797
"PAPEL HIGIENICO                                   ",201707,16632,242432.633622
"HELADOS                                           ",201707,314,10556.475978
"DENTRIFICOS Y ENJUAGUES BUCALES                   ",201707,683,7132.800009
"HARINAS - MAIZENAS - SEMOLAS                      ",201707,4127,113346.571114
"PASTAS PARA CALZADO Y SIMILARES                   ",201707,23,3551.820001
"GOLOSINAS - CARAMELOS                             ",201707,528,20378.466199
"RON                                               ",201707,237,40475.650007
"VODKA                                             ",201707,9,1788.589999
"GUANTES                                           ",201707,120,418.429997
"PILAS                                             ",201707,100,26320.739998
"GOLOSINAS                                         ",201707,538,5435.279207
"PIZZAS                                            ",201707,163,481.54
"LAVAVAJILLAS Y SIMILARES                          ",201707,526,17697.02
"PANETONES                                         ",201707,129017,333560.387675
"BOCADITOS                                         ",201707,6262,39003.811399
"GOLOSINAS - MARSHMALLOWS                          ",201707,171,5604.870001
"ARTICULOS DIVERSOS                                ",201707,452,1184.7672
"INFUSIONES                                        ",201707,153,6923.140006
"ARROZ A GRANEL                                    ",201707,4000,194318.62815
"ARROZ EMBOLSADO                                   ",201707,329,2098.530845
"POSTRES VARIOS                                    ",201707,1320,23661.748401
"GRASAS INDUSTRIALES                               ",201707,1800,40990.8592
"VINOS                                             ",201707,64,2432.499998
"CIGARROS                                          ",201707,43,5277.130005
"LECHE Y DERIVADOS                                 ",201707,3585,169425.623174
"CEREALES Y DERIVADOS DE LA SOYA                   ",201707,4382,27865.544806
"SHAMPOO Y CUIDADO PARA EL CABELLO                 ",201707,1617,33958.59878
"MANTEQUILLAS Y MARGARINAS                         ",201707,1747,23250.085477
"SALSAS - CREMAS                                   ",201707,1014,40242.21765
"CAFE                                              ",201707,263,38374.426014
"FRUTOS Y ESPECIAS                                 ",201707,1966,41596.021918
"CONDIMENTOS Y VINAGRES                            ",201707,1003,39037.299996
"CONSERVAS DE FRUTAS Y VERDURAS                    ",201707,280,12888.804564
"CERAS                                             ",201707,48,176.040001
"JUGOS                                             ",201707,1725,29359.679117
"HARINAS INDUSTRIALES                              ",201707,3750,186354.699398
"AZUCAR EMBOLSADA Y DERIVADOS                      ",201707,3030,57942.51521
"PRODUCTOS DIVERSOS                                ",201707,40,126.88
"JABON DE LAVAR                                    ",201707,4284,176380.963087
"HUEVOS                                            ",201707,360,2447.200002
"FIDEOS Y PASTAS                                   ",201707,19984,293155.286444
"ACEITES                                           ",201707,24769,1131708.178905
"GOLOSINAS - CHOCOLATES                            ",201707,1678,20923.988008
"PAÑALES                                           ",201707,1342,81950.890407
"CONSERVAS DE PESCADOS                             ",201707,362,43093.387045
"GELATINAS                                         ",201707,1616,44216.151108
"AGUA MINERAL                                      ",201707,2028,26601.339006
"AZUCAR                                            ",201707,13780,982319.483188
"PAÑUELOS                                          ",201707,8,882.5928
"OTROS",201707,978,373071.01401
"ARTICULOS DE REPOSTERIA                           ",201707,85,6698.679517
"SUAVIZANTES                                       ",201707,131,3259.060008
"ENERGIZANTE                                       ",201707,132,2743.095597
"MENESTRAS Y GRANOS                                ",201707,1419,77828.456864
"FOSFORO                                           ",201707,1560,165377.85012
"DETERGENTES                                       ",201707,6192,344586.94059
"MAQUINAS Y ESPUMAS DE AFEITAR                     ",201707,16,5161.06
"CEPILLOS                                          ",201707,60,2025.910004
"REFRESCOS                                         ",201707,207,7772.209288
"CERVEZAS                                          ",201707,949,30750.044013
"ARTICULOS DE LIMPIEZA                             ",201707,928,8412.277413
"AMBIENTADORES                                     ",201707,4,167.580002
"WHISKY                                            ",201707,15,2470.45
"AVENAS                                            ",201707,2846,0
"EMBUTIDOS                                         ",201707,12009,32714.262431
"ARTICULOS PARA BEBE                               ",201707,144,3736.72839
"SAL                                               ",201707,3462,51633.819476
"JABON DE TOCADOR                                  ",201707,894,8866.899599
"DESODORANTES                                      ",201707,171,8764.159986
"YOGURT                                            ",201707,4406,98098.952475
"REHIDRATANTES                                     ",201707,573,7028.702598
"SERVILLETAS Y PAPEL TOALLA                        ",201707,1282,23412.200734
"LEJIAS                                            ",201707,1749,30328.980005
"GOLOSINAS - GALLETAS                              ",201707,10939,139139.896184
"PANES Y KEKES                                     ",201707,9791,30227.965003
"BEBIDAS GASEOSAS                                  ",201707,4245,63727.158126
"TALCOS                                            ",201707,6,352.44
"MEDICINAS                                         ",201707,10,9575.159998
"TOALLAS HIGIENICAS                                ",201707,121,9380.1882
"COMIDAS INSTANTANEAS                              ",201707,2313,38025.613012
"ENJUAGUES DE ROPA                                 ",201707,240,18629.280001
"HIDRATANTES CORPORALES                            ",201707,5,93.089999
"PASTAS DE TOMATE                                  ",201707,661,11995.559151
"DESINFECTANTES                                    ",201707,26,1201.99
"OTROS                                             ",201707,36,241.2
"COCOAS Y CHOCOLATES                               ",201707,510,52309.44001
"LICOR                                             ",201707,6,767.480001
"INSECTICIDAS                                      ",201707,37,306.859999
"OTROS",201708,6,2419
